<ImportExportXml xmlns:xsi="http://www.w3.org/2001/XMLSchema-instance" OrganizationVersion="9.2.24112.182" OrganizationSchemaType="Standard" CRMServerServiceabilityVersion="9.2.24112.00182">
  <Entities></Entities>
  <Roles></Roles>
  <Workflows>
    <Workflow WorkflowId="{75c3cf7a-45b1-ef11-a72d-000d3a3e2c75}" Name="UseCase_1">
      <JsonFileName>/Workflows/UseCase_1-75C3CF7A-45B1-EF11-A72D-000D3A3E2C75.json</JsonFileName>
      <Type>1</Type>
      <Subprocess>0</Subprocess>
      <Category>5</Category>
      <Mode>0</Mode>
      <Scope>4</Scope>
      <OnDemand>0</OnDemand>
      <TriggerOnCreate>0</TriggerOnCreate>
      <TriggerOnDelete>0</TriggerOnDelete>
      <AsyncAutodelete>0</AsyncAutodelete>
      <SyncWorkflowLogOnFailure>0</SyncWorkflowLogOnFailure>
      <StateCode>1</StateCode>
      <StatusCode>2</StatusCode>
      <RunAs>1</RunAs>
      <IsTransacted>1</IsTransacted>
      <IntroducedVersion>1.0.0.0</IntroducedVersion>
      <IsCustomizable>1</IsCustomizable>
      <BusinessProcessType>0</BusinessProcessType>
      <IsCustomProcessingStepAllowedForOtherPublishers>1</IsCustomProcessingStepAllowedForOtherPublishers>
      <PrimaryEntity>none</PrimaryEntity>
      <LocalizedNames>
        <LocalizedName languagecode="1033" description="UseCase_1" />
      </LocalizedNames>
    </Workflow>
  </Workflows>
  <FieldSecurityProfiles></FieldSecurityProfiles>
  <Templates />
  <EntityMaps />
  <EntityRelationships />
  <OrganizationSettings />
  <optionsets />
  <CustomControls />
  <EntityDataProviders />
  <connectionreferences>
    <connectionreference connectionreferencelogicalname="ak24_sharedexcelonlinebusiness_bd3c6">
      <connectionreferencedisplayname>Excel Online (Business) UseCase1Solution-bd3c6</connectionreferencedisplayname>
      <connectorid>/providers/Microsoft.PowerApps/apis/shared_excelonlinebusiness</connectorid>
      <iscustomizable>1</iscustomizable>
      <promptingbehavior>0</promptingbehavior>
      <statecode>0</statecode>
      <statuscode>1</statuscode>
    </connectionreference>
    <connectionreference connectionreferencelogicalname="ak24_sharedoffice365_26a7f">
      <connectionreferencedisplayname>Office 365 Outlook UseCase1Solution-26a7f</connectionreferencedisplayname>
      <connectorid>/providers/Microsoft.PowerApps/apis/shared_office365</connectorid>
      <iscustomizable>1</iscustomizable>
      <promptingbehavior>0</promptingbehavior>
      <statecode>0</statecode>
      <statuscode>1</statuscode>
    </connectionreference>
    <connectionreference connectionreferencelogicalname="ak24_sharedsharepointonline_f728f">
      <connectionreferencedisplayname>SharePoint UseCase1Solution-f728f</connectionreferencedisplayname>
      <connectorid>/providers/Microsoft.PowerApps/apis/shared_sharepointonline</connectorid>
      <iscustomizable>1</iscustomizable>
      <promptingbehavior>0</promptingbehavior>
      <statecode>0</statecode>
      <statuscode>1</statuscode>
    </connectionreference>
  </connectionreferences>
  <Languages>
    <Language>1033</Language>
  </Languages>
</ImportExportXml>