{
  "properties": {
    "connectionReferences": {
      "shared_sharepointonline": {
        "runtimeSource": "embedded",
        "connection": {
          "connectionReferenceLogicalName": "ak24_sharedsharepointonline_f728f"
        },
        "api": {
          "name": "shared_sharepointonline"
        }
      },
      "shared_office365": {
        "runtimeSource": "embedded",
        "connection": {
          "connectionReferenceLogicalName": "ak24_sharedoffice365_26a7f"
        },
        "api": {
          "name": "shared_office365"
        }
      },
      "shared_excelonlinebusiness": {
        "runtimeSource": "embedded",
        "connection": {
          "connectionReferenceLogicalName": "ak24_sharedexcelonlinebusiness_bd3c6"
        },
        "api": {
          "name": "shared_excelonlinebusiness"
        }
      }
    },
    "definition": {
      "$schema": "https://schema.management.azure.com/providers/Microsoft.Logic/schemas/2016-06-01/workflowdefinition.json#",
      "contentVersion": "1.0.0.0",
      "parameters": {
        "$connections": {
          "defaultValue": {},
          "type": "Object"
        },
        "$authentication": {
          "defaultValue": {},
          "type": "SecureObject"
        },
        "SharePoint-Site (ak24_SharePointSite)": {
          "defaultValue": "https://ltimindtree.sharepoint.com/sites/UseCase-1",
          "type": "String",
          "metadata": {
            "schemaName": "ak24_SharePointSite"
          }
        }
      },
      "triggers": {
        "When_a_new_email_arrives_(V3)": {
          "splitOn": "@triggerOutputs()?['body/value']",
          "metadata": {
            "Id::AAMkADEwN2Y3ZThjLTg2MDYtNDllOC05MDdmLTMxMTA3MzkxYWNmZQAuAAAAAADq4W1tUiT_QqGTLKw3AfTgAQC_6C2YjewpQLBDtU7CNfOgAAEcxsqbAAA=": "Received",
            "operationMetadataId": "4f1be379-101b-4bed-bfda-05ff292af0c3"
          },
          "type": "OpenApiConnectionNotification",
          "inputs": {
            "host": {
              "connectionName": "shared_office365",
              "operationId": "OnNewEmailV3",
              "apiId": "/providers/Microsoft.PowerApps/apis/shared_office365"
            },
            "parameters": {
              "folderPath": "Id::AAMkADEwN2Y3ZThjLTg2MDYtNDllOC05MDdmLTMxMTA3MzkxYWNmZQAuAAAAAADq4W1tUiT_QqGTLKw3AfTgAQC_6C2YjewpQLBDtU7CNfOgAAEcxsqbAAA=",
              "includeAttachments": false,
              "importance": "Any",
              "fetchOnlyWithAttachment": true
            },
            "authentication": "@parameters('$authentication')"
          }
        }
      },
      "actions": {
        "Apply_to_each": {
          "foreach": "@triggerOutputs()?['body/attachments']",
          "actions": {
            "Condition": {
              "actions": {
                "Create_new_folder": {
                  "runAfter": {},
                  "metadata": {
                    "operationMetadataId": "3ebab049-5371-489d-9339-9170d26f0760"
                  },
                  "type": "OpenApiConnection",
                  "inputs": {
                    "host": {
                      "connectionName": "shared_sharepointonline",
                      "operationId": "CreateNewFolder",
                      "apiId": "/providers/Microsoft.PowerApps/apis/shared_sharepointonline"
                    },
                    "parameters": {
                      "dataset": "@parameters('SharePoint-Site (ak24_SharePointSite)')",
                      "table": "5d62b2b4-2512-4b01-ba30-7f8c35c0e236",
                      "parameters/path": "@outputs('Compose')"
                    },
                    "authentication": "@parameters('$authentication')"
                  }
                },
                "Scope:_Digital_Signature_and_Compressing_File": {
                  "actions": {},
                  "runAfter": {
                    "Create_file": [
                      "Succeeded"
                    ]
                  },
                  "metadata": {
                    "operationMetadataId": "34e0cf08-17ef-4ffc-a5df-718128daae3b"
                  },
                  "type": "Scope"
                },
                "Create_file": {
                  "runAfter": {
                    "Create_new_folder": [
                      "Succeeded"
                    ]
                  },
                  "metadata": {
                    "operationMetadataId": "ad9d9c75-8317-4a14-be17-0d809b1949f4"
                  },
                  "type": "OpenApiConnection",
                  "inputs": {
                    "host": {
                      "connectionName": "shared_sharepointonline",
                      "operationId": "CreateFile",
                      "apiId": "/providers/Microsoft.PowerApps/apis/shared_sharepointonline"
                    },
                    "parameters": {
                      "dataset": "@parameters('SharePoint-Site (ak24_SharePointSite)')",
                      "folderPath": "/Shared Documents/UseCase-1/AttachmentFiles/@{outputs('Compose')}",
                      "name": "@items('Apply_to_each')?['name']",
                      "body": "@items('Apply_to_each')?['contentBytes']"
                    },
                    "authentication": "@parameters('$authentication')"
                  },
                  "runtimeConfiguration": {
                    "contentTransfer": {
                      "transferMode": "Chunked"
                    }
                  }
                },
                "Scope:_Catch": {
                  "actions": {},
                  "runAfter": {
                    "Scope:_Digital_Signature_and_Compressing_File": [
                      "Failed",
                      "Skipped"
                    ]
                  },
                  "metadata": {
                    "operationMetadataId": "1b0bba87-0108-422b-8cb2-b7b32908bcf8"
                  },
                  "type": "Scope"
                },
                "Copy_file": {
                  "runAfter": {
                    "Scope:_Catch": [
                      "Skipped"
                    ]
                  },
                  "metadata": {
                    "operationMetadataId": "3413c621-f98e-4742-ac48-0f9878fa1992"
                  },
                  "type": "OpenApiConnection",
                  "inputs": {
                    "host": {
                      "connectionName": "shared_sharepointonline",
                      "operationId": "CopyFileAsync",
                      "apiId": "/providers/Microsoft.PowerApps/apis/shared_sharepointonline"
                    },
                    "parameters": {
                      "dataset": "@parameters('SharePoint-Site (ak24_SharePointSite)')",
                      "parameters/sourceFileId": "/Shared Documents/UseCase-1/AttachmentFiles/@{outputs('Compose')}/@{items('Apply_to_each')?['name']}",
                      "parameters/destinationDataset": "@parameters('SharePoint-Site (ak24_SharePointSite)')",
                      "parameters/destinationFolderPath": "/Shared Documents/UseCase-1/AttachmentFiles/CompressedFiles",
                      "parameters/nameConflictBehavior": 1
                    },
                    "authentication": "@parameters('$authentication')"
                  }
                },
                "Send_an_email_(V2)_2": {
                  "runAfter": {
                    "Copy_file": [
                      "Succeeded"
                    ]
                  },
                  "metadata": {
                    "operationMetadataId": "4c520c85-43a8-4de9-9bce-26abced91936"
                  },
                  "type": "OpenApiConnection",
                  "inputs": {
                    "host": {
                      "connectionName": "shared_office365",
                      "operationId": "SendEmailV2",
                      "apiId": "/providers/Microsoft.PowerApps/apis/shared_office365"
                    },
                    "parameters": {
                      "emailMessage/To": "Goutham.V@ltimindtree.com",
                      "emailMessage/Subject": "Successfully Processed",
                      "emailMessage/Body": "<p>Hi,<br>\n<br>\nThe below file is digitally signed and compressed<br>\nFileName: @{items('Apply_to_each')?['name']}</p>",
                      "emailMessage/Importance": "Normal"
                    },
                    "authentication": "@parameters('$authentication')"
                  }
                },
                "Add_a_row_into_a_table": {
                  "runAfter": {
                    "Send_an_email_(V2)_2": [
                      "Succeeded"
                    ]
                  },
                  "metadata": {
                    "operationMetadataId": "ac517e7e-e0a2-4629-adf2-c37e44949a97",
                    "tableId": "Table1"
                  },
                  "type": "OpenApiConnection",
                  "inputs": {
                    "host": {
                      "connectionName": "shared_excelonlinebusiness",
                      "operationId": "AddRowV2",
                      "apiId": "/providers/Microsoft.PowerApps/apis/shared_excelonlinebusiness"
                    },
                    "parameters": {
                      "source": "@parameters('SharePoint-Site (ak24_SharePointSite)')",
                      "drive": "b!TK03gXggeki7Xm7hOym9OqJqsSmZ-6ZJnXvMq8CASSG0smJdEiUBS7owf4w1wOI2",
                      "file": "/UseCase-1/LogFile/@{outputs('Compose')}.xlsx",
                      "table": "Table1",
                      "item": {
                        "AttachmentName": "@{items('Apply_to_each')?['name']}",
                        "ProcessedStatus": "Success"
                      }
                    },
                    "authentication": "@parameters('$authentication')"
                  }
                }
              },
              "runAfter": {},
              "else": {
                "actions": {
                  "Compose_2": {
                    "runAfter": {},
                    "metadata": {
                      "operationMetadataId": "6163214b-b001-4861-b2d4-011fb634e41d"
                    },
                    "type": "Compose",
                    "inputs": "no"
                  },
                  "Send_an_email_(V2)": {
                    "runAfter": {
                      "Compose_2": [
                        "Succeeded"
                      ]
                    },
                    "metadata": {
                      "operationMetadataId": "59f40181-613d-452a-b580-f9a6285cfce0"
                    },
                    "type": "OpenApiConnection",
                    "inputs": {
                      "host": {
                        "connectionName": "shared_office365",
                        "operationId": "SendEmailV2",
                        "apiId": "/providers/Microsoft.PowerApps/apis/shared_office365"
                      },
                      "parameters": {
                        "emailMessage/To": "Goutham.V@ltimindtree.com",
                        "emailMessage/Subject": "Wrong Attachment Type",
                        "emailMessage/Body": "<p>Hello,<br>\n<br>\nWrong attachment type received</p>",
                        "emailMessage/Importance": "Normal"
                      },
                      "authentication": "@parameters('$authentication')"
                    }
                  },
                  "Add_a_row_into_a_table_2": {
                    "runAfter": {
                      "Send_an_email_(V2)": [
                        "Succeeded"
                      ]
                    },
                    "metadata": {
                      "operationMetadataId": "93580314-c2e6-492d-9ed2-626a485d7311",
                      "tableId": "Table1"
                    },
                    "type": "OpenApiConnection",
                    "inputs": {
                      "host": {
                        "connectionName": "shared_excelonlinebusiness",
                        "operationId": "AddRowV2",
                        "apiId": "/providers/Microsoft.PowerApps/apis/shared_excelonlinebusiness"
                      },
                      "parameters": {
                        "source": "@parameters('SharePoint-Site (ak24_SharePointSite)')",
                        "drive": "b!TK03gXggeki7Xm7hOym9OqJqsSmZ-6ZJnXvMq8CASSG0smJdEiUBS7owf4w1wOI2",
                        "file": "/UseCase-1/LogFile/@{outputs('Compose')}.xlsx",
                        "table": "Table1",
                        "item": {
                          "AttachmentName": "@{items('Apply_to_each')?['name']}",
                          "ProcessedStatus": "Failure"
                        }
                      },
                      "authentication": "@parameters('$authentication')"
                    }
                  }
                }
              },
              "expression": {
                "endsWith": [
                  "@items('Apply_to_each')?['name']",
                  "@variables('AttachmentType')"
                ]
              },
              "metadata": {
                "operationMetadataId": "44f2852c-4bcf-46da-8409-7218168a312e"
              },
              "type": "If"
            }
          },
          "runAfter": {
            "Create_file_2": [
              "Succeeded"
            ]
          },
          "metadata": {
            "operationMetadataId": "a7aac9c8-0dc7-437e-bdad-a83bf564e648"
          },
          "type": "Foreach"
        },
        "Initialize_variable": {
          "runAfter": {},
          "metadata": {
            "operationMetadataId": "79e6db47-4347-4dc9-aec1-e030f49d2fc6"
          },
          "type": "InitializeVariable",
          "inputs": {
            "variables": [
              {
                "name": "AttachmentType",
                "type": "string",
                "value": ".pdf"
              }
            ]
          }
        },
        "Get_file_content_using_path": {
          "runAfter": {
            "Initialize_variable": [
              "Succeeded"
            ]
          },
          "metadata": {
            "operationMetadataId": "fc7d8a3a-9fcd-42e9-ac17-7b0f461b75ee"
          },
          "type": "OpenApiConnection",
          "inputs": {
            "host": {
              "connectionName": "shared_sharepointonline",
              "operationId": "GetFileContentByPath",
              "apiId": "/providers/Microsoft.PowerApps/apis/shared_sharepointonline"
            },
            "parameters": {
              "dataset": "@parameters('SharePoint-Site (ak24_SharePointSite)')",
              "path": "/Shared Documents/UseCase-1/StatusTemplate.xlsx",
              "inferContentType": true
            },
            "authentication": "@parameters('$authentication')"
          }
        },
        "Create_file_2": {
          "runAfter": {
            "Compose": [
              "Succeeded"
            ]
          },
          "metadata": {
            "operationMetadataId": "5f22ef46-aa92-4ef4-b09b-b330013de6d8"
          },
          "type": "OpenApiConnection",
          "inputs": {
            "host": {
              "connectionName": "shared_sharepointonline",
              "operationId": "CreateFile",
              "apiId": "/providers/Microsoft.PowerApps/apis/shared_sharepointonline"
            },
            "parameters": {
              "dataset": "@parameters('SharePoint-Site (ak24_SharePointSite)')",
              "folderPath": "/Shared Documents/UseCase-1/LogFile",
              "name": "@{outputs('Compose')}.xlsx",
              "body": "@body('Get_file_content_using_path')"
            },
            "authentication": "@parameters('$authentication')"
          },
          "runtimeConfiguration": {
            "contentTransfer": {
              "transferMode": "Chunked"
            }
          }
        },
        "Compose": {
          "runAfter": {
            "Get_file_content_using_path": [
              "Succeeded"
            ]
          },
          "metadata": {
            "operationMetadataId": "393dbfeb-ab49-4bc2-9d65-7e1fe868a54f"
          },
          "type": "Compose",
          "inputs": "@formatDateTime(utcNow(),'dd_MM_yy_HH_mm_ss')"
        }
      }
    },
    "templateName": ""
  },
  "schemaVersion": "1.0.0.0"
}